document_id,title,category,source_type,text
DOC-001,Guest Service Recovery Playbook,Customer Experience,Operations Guide,"Service recovery begins by listening carefully to the guest concern, documenting the issue, and confirming the preferred resolution. Team members should communicate ownership, provide realistic timing, and record follow-up actions in the service log."
DOC-002,Mobile Check-In Adoption Review,Digital Transformation,Performance Summary,"Mobile check-in adoption increased after the front desk team added arrival reminders and clearer instructions in confirmation messages. The review recommends monitoring digital adoption, guest satisfaction, and support requests each month."
DOC-003,Preventive Maintenance Priorities,Facilities,Maintenance Update,"Preventive maintenance reduces equipment downtime and helps operations teams identify issues before they interrupt service. The facilities team should prioritize high-use equipment, maintain inspection records, and escalate recurring problems."
DOC-004,Data Access Review Procedure,Data Governance,Security Procedure,"Managers must review employee access to operational systems each quarter. Access that is no longer required should be removed promptly. The security team should document approvals, exceptions, and unresolved access risks."
DOC-005,Energy Efficiency Initiative,Sustainability,Project Update,"The energy efficiency initiative focuses on lighting controls, equipment scheduling, and employee awareness. Monthly energy data should be reviewed to identify unusual consumption patterns and opportunities for operational improvement."
DOC-006,Guest Feedback Trend Report,Customer Experience,Analytics Summary,"Guest feedback shows that response speed, room readiness, and communication quality remain important drivers of satisfaction. Leaders should review recurring themes and assign improvement actions to the responsible department."
DOC-007,Incident Response Communication Plan,Security,Response Plan,"During a security incident, employees should report suspicious activity immediately through the approved escalation channel. The incident response team will assess the issue, communicate status updates, and preserve relevant records for investigation."
DOC-008,Workforce Scheduling Improvement,Operations,Process Improvement,"Workforce scheduling should balance expected demand, employee availability, and service standards. Operations leaders can use historical workload patterns to improve staffing decisions and reduce unnecessary overtime."
DOC-009,Vendor Performance Evaluation,Procurement,Evaluation Guide,"Vendor performance should be evaluated using delivery reliability, service quality, cost control, and communication. Contract owners should document performance concerns and develop corrective actions when service levels do not meet expectations."
DOC-010,Customer Data Retention Standard,Data Governance,Policy,"Customer data should be retained only for the approved business purpose and required retention period. Teams must follow deletion procedures, protect sensitive information, and report potential privacy concerns to the data governance office."
DOC-011,Remote Support Knowledge Base,Technology,Support Guide,"The remote support knowledge base helps employees resolve common technology issues quickly. Articles should use clear steps, include troubleshooting guidance, and be updated when recurring support requests reveal a documentation gap."
DOC-012,Climate Resilience Planning,Infrastructure,Planning Brief,"Climate resilience planning considers heat exposure, drainage capacity, energy demand, and continuity of operations. Infrastructure teams should evaluate high-risk assets and document mitigation priorities before major capital decisions."